Timestamp,Account ID,Method,Path,Status,Latency (ms)
2025-12-04T16:45:52.728563Z,N/A,GET,/health,200,51
2025-12-04T06:01:07.301795Z,cccc3333-3333-3333-3333-333333333333,GET,/health,200,2
2025-12-04T06:01:07.288430Z,bbbb2222-2222-2222-2222-222222222222,GET,/health,200,4
2025-12-04T05:59:53.243784Z,cccc3333-3333-3333-3333-333333333333,GET,/health,200,2
2025-12-04T05:59:53.231584Z,bbbb2222-2222-2222-2222-222222222222,GET,/health,200,3
2025-12-04T05:59:34.352216Z,aaaa1111-1111-1111-1111-111111111111,GET,/health,200,4
2025-12-04T05:59:34.337912Z,aaaa1111-1111-1111-1111-111111111111,GET,/health,200,2
2025-12-04T05:59:34.324042Z,aaaa1111-1111-1111-1111-111111111111,GET,/health,200,3
2025-12-04T05:59:34.310448Z,aaaa1111-1111-1111-1111-111111111111,GET,/health,200,5
2025-12-04T05:51:56.118900Z,N/A,GET,/health,200,2
2025-12-04T05:49:33.233150Z,bbbb2222-2222-2222-2222-222222222222,GET,/health,200,5
2025-12-04T05:49:29.472845Z,aaaa1111-1111-1111-1111-111111111111,GET,/health,200,27
